[
	{
		"id": 1,
		"name": "Boscolo Marco Palo",
		"isbns": [
					{
						"isbn": "9788800208246",
						"copies": 1
					},
					{
						"isbn": "9788808115270",
						"copies": 2
					}
				],
		"phone": "3489520654",
		"sold": ["9788800208246"]
	},
	{
		"id": 2,
		"name": "Luca Rossi",
		"isbns": [
					{
						"isbn": "9788842110347",
						"copies": 3
					},
					{
						"isbn": "9788843407613",
						"copies": 1
					},
					{
						"isbn": "9788843412112",
						"copies": 2
					}
				],
		"phone": "3202349032",
		"sold": ["9788843407613","9788843412112"]
	}
]
