[{"Materia":"FILOSOFIA","Isbn":"9788842109891","Autore":"CAMBIANO GIUSEPPE MORI MASSIMO","Titolo":"TEMPI DEL PENSIERO. VOLUME 1 - ETA' ANTICA E MEDIEVALE STORIA E ANTOLOGIA DELLA FILOSOFIA","Volume":"1","Casa Editrice":"LATERZA SCOLASTICA","Prezzo":"24,90","Nuova Adoz.":"No","Acquistare":"Si","Consigliato":"No","Forma":"B"},{"Materia":"FISICA","Isbn":"9788808127235","Autore":"AMALDI UGO","Titolo":"TRAIETTORIE DELLA FISICA.AZZURRO (LE) 1 LD (EBOOK + LIBRO) DA GALILEO A HEISENBERG. MECCANICA, TERMODINAMICA, ONDE","Volume":"1","Casa Editrice":"ZANICHELLI","Prezzo":"31,10","Nuova Adoz.":"Si","Acquistare":"Si","Consigliato":"No","Forma":"B"},{"Materia":"GRECO","Isbn":"9788843412112","Autore":"OMERO","Titolo":"CUORE OSTINATO (IL) FIGURE FEMMINILI E IDENTITA DELL'UOMO NELL'ODISSEA","Volume":"","Casa Editrice":"CARLO SIGNORELLI EDITORE","Prezzo":"10,15","Nuova Adoz.":"No","Acquistare":"Si","Consigliato":"No","Forma":"A"},{"Materia":"GRECO","Isbn":"9788800211093","Autore":"ROSSI LUIGI ENRICO NICOLAI R.","Titolo":"LEZIONI DI LETTERATURA GRECA VOL 1 L'ETA ARCAICA","Volume":"1","Casa Editrice":"LE MONNIER","Prezzo":"30,85","Nuova Adoz.":"No","Acquistare":"Si","Consigliato":"No","Forma":"A"},{"Materia":"GRECO","Isbn":"9788808168856","Autore":"GIANNETTO ANNA MARIA GISIANO MARINA","Titolo":"MELTEMI - VERSIONARIO LIBRO DIGITALE  LD (EBOOK + LIBRO) VERSIONARIO DI GRECO","Volume":"","Casa Editrice":"ZANICHELLI","Prezzo":"26,70","Nuova Adoz.":"Si","Acquistare":"Si","Consigliato":"No","Forma":"B"},{"Materia":"GRECO","Isbn":"9788843410842","Autore":"RONCORONI A.","Titolo":"PRIMA LEZIONE DI DEMOCRAZIA","Volume":"","Casa Editrice":"CARLO SIGNORELLI EDITORE","Prezzo":"8,85","Nuova Adoz.":"No","Acquistare":"Si","Consigliato":"No","Forma":"A"},{"Materia":"INGLESE","Isbn":"9788843416059","Autore":"CATTANEO DE FLAVIIS","Titolo":"HEADING OUT VOLUME 1","Volume":"1","Casa Editrice":"CARLO SIGNORELLI EDITORE","Prezzo":"22,00","Nuova Adoz.":"Si","Acquistare":"Si","Consigliato":"No","Forma":"B"},{"Materia":"ITALIANO","Isbn":"9788800500357","Autore":"DEVOTO GIACOMO OLI GIAN CARLO","Titolo":"DEVOTO OLI 2014 (IL) + DVD ROM VOCABOLARIO IN CARTONATO + TAVOLE +DVD ROM + LICENZA ANNUALE","Volume":"","Casa Editrice":"LE MONNIER","Prezzo":"82,00","Nuova Adoz.":"No","Acquistare":"No","Consigliato":"No","Forma":"B"},{"Materia":"ITALIANO","Isbn":"9788800208246","Autore":"ALIGHIERI DANTE","Titolo":"DIVINA COMMEDIA - INFERNO VOLUME + QUADERNO","Volume":"1","Casa Editrice":"LE MONNIER","Prezzo":"21,65","Nuova Adoz.":"No","Acquistare":"No","Consigliato":"No","Forma":"A"},{"Materia":"ITALIANO LETTERATURA","Isbn":"9788880208433","Autore":"LUPERINI ROMANO CATALDI PIETRO MARCHIANI LIDIA","Titolo":"NUOVO SCRITTURA E L'INTERPRETAZIONE (IL) - ROSSA N.E. DALLE ORIGINI AL 1380","Volume":"1","Casa Editrice":"PALUMBO","Prezzo":"21,60","Nuova Adoz.":"No","Acquistare":"Si","Consigliato":"No","Forma":"A"},{"Materia":"ITALIANO LETTERATURA","Isbn":"9788880208440","Autore":"LUPERINI ROMANO CATALDI PIETRO MARCHIANI LIDIA","Titolo":"NUOVO SCRITTURA E L'INTERPRETAZIONE (IL) - ROSSA N.E. UMANESIMO E RINASCIMENTO (DAL 1380 AL  1545)","Volume":"2","Casa Editrice":"PALUMBO","Prezzo":"21,60","Nuova Adoz.":"No","Acquistare":"Si","Consigliato":"No","Forma":"A"},{"Materia":"LATINO","Isbn":"9788843407613","Autore":"AA VV","Titolo":"AL DI LA' DELLE ALPI UN INDAGINE ETNOLOGICA IN CESARE","Volume":"","Casa Editrice":"CARLO SIGNORELLI EDITORE","Prezzo":"7,30","Nuova Adoz.":"No","Acquistare":"Si","Consigliato":"No","Forma":"X"},{"Materia":"LATINO","Isbn":"9788843412860","Autore":"PASQUAL G.","Titolo":"CRONACHE ROMANE CRIMINALITA' CORRUZIONE E POLITICA NELLE ORAZIONI DI CICERONE","Volume":"","Casa Editrice":"CARLO SIGNORELLI EDITORE","Prezzo":"7,30","Nuova Adoz.":"No","Acquistare":"Si","Consigliato":"No","Forma":"A"},{"Materia":"LATINO","Isbn":"9788870118155","Autore":"GEORGES K.E. CALONGHI F. BADELLINO O.","Titolo":"GEORGES. DIZIONARIO ENCICLOPEDICO DELLA LINGUA LATINA COFANETTO CON 2 VOLUMI CARTONATI E GUIDA ETIMOLOGI","Volume":"","Casa Editrice":"ROSENBERG & SELLIER","Prezzo":"71,00","Nuova Adoz.":"No","Acquistare":"No","Consigliato":"No","Forma":"X"},{"Materia":"LATINO","Isbn":"9788829831142","Autore":"ANZANI M. MOTTA M.","Titolo":"LATINO - ITALIANO VERSIONI PER TRIENNIO","Volume":"","Casa Editrice":"MINERVA ITALICA","Prezzo":"23,90","Nuova Adoz.":"No","Acquistare":"Si","Consigliato":"No","Forma":"A"},{"Materia":"LATINO","Isbn":"9788800209762","Autore":"CONTE GIAN BIAGIO PIANEZZOLA EMILIO","Titolo":"LEZIONI DI LETTERATURA LATINA - 1 L'ETA' ARCAICA E REPUBBLICANA","Volume":"1","Casa Editrice":"LE MONNIER","Prezzo":"31,00","Nuova Adoz.":"No","Acquistare":"Si","Consigliato":"No","Forma":"A"},{"Materia":"LATINO","Isbn":"9788843412303","Autore":"VIRGILIO","Titolo":"PASSIONE INVINCIBILE (LA) STORIE D'AMORE INFELICE IN VIRGILIO","Volume":"","Casa Editrice":"CARLO SIGNORELLI EDITORE","Prezzo":"7,30","Nuova Adoz.":"No","Acquistare":"Si","Consigliato":"No","Forma":"A"},{"Materia":"MATEMATICA","Isbn":"9788808115270","Autore":"BERGAMINI MASSIMO TRIFONE ANNA BAROZZI GRAZIELLA","Titolo":"MATEMATICA.AZZURRO. MODULO L+BETA (LM LIBRO MISTO) MODULO L + BETA - CONICHE + STATISTICA CON MATHS IN ENGLISH","Volume":"","Casa Editrice":"ZANICHELLI","Prezzo":"15,00","Nuova Adoz.":"No","Acquistare":"Si","Consigliato":"No","Forma":"A"},{"Materia":"RELIGIONE","Isbn":"9788805029792","Autore":"SOLINAS LUIGI","Titolo":"TUTTI I COLORI DELLA VITA DA ACQUISTARE SOLO PER LE CLASSI PRIME","Volume":"","Casa Editrice":"SEI","Prezzo":"19,20","Nuova Adoz.":"No","Acquistare":"No","Consigliato":"No","Forma":"B"},{"Materia":"SCIENZE MOTORIE E SPORTIVE","Isbn":"9788881048571","Autore":"DEL NISTA PIER LUIGI PARKER JUNE TASSELLI ANDREA","Titolo":"PER VIVERE IN PERFETTO EQUILIBRIO","Volume":"","Casa Editrice":"D'ANNA","Prezzo":"11,70","Nuova Adoz.":"No","Acquistare":"No","Consigliato":"No","Forma":"B"},{"Materia":"SCIENZE NATURALI","Isbn":"9788824732406","Autore":"TOTTOLA FABIO RIGHETTI MARILENA ALLEGREZZA AURORA","Titolo":"CHIMICA PER NOI - VOLUME C+D+E VERSIONE MODULARE","Volume":"3","Casa Editrice":"A. MONDADORI SCUOLA","Prezzo":"17,40","Nuova Adoz.":"No","Acquistare":"Si","Consigliato":"No","Forma":"A"},{"Materia":"SCIENZE NATURALI","Isbn":"9788808188830","Autore":"CURTIS HELENA BARNES SUE N. SCHNEK A. - FLORES G.","Titolo":"INVITO ALLA BIOLOGIA.BLU  LDM (EBOOK MULTIMEDIALE + LIBRO) BIOLOGIA MOLECOLARE, GENETICA, EVOLUZIONE","Volume":"","Casa Editrice":"ZANICHELLI","Prezzo":"17,60","Nuova Adoz.":"No","Acquistare":"Si","Consigliato":"No","Forma":"B"},{"Materia":"STORIA","Isbn":"9788842110347","Autore":"BANTI ALBERTO MARIO","Titolo":"SENSO DEL TEMPO (IL) NUOVI PROGRAMMI VOL. I MANUALE DI STORIA - XI SECOLO-1650","Volume":"1","Casa Editrice":"LATERZA SCOLASTICA","Prezzo":"26,50","Nuova Adoz.":"No","Acquistare":"Si","Consigliato":"No","Forma":"B"},{"Materia":"STORIA DELL'ARTE","Isbn":"9788820350185","Autore":"FRAPICCINI NICOLETTA GIUSTOZZI NUNZIO","Titolo":"STORIE DELL'ARTE (LE) ETA' ANTICA E MEDIEVALE","Volume":"1","Casa Editrice":"HOEPLI","Prezzo":"28,50","Nuova Adoz.":"No","Acquistare":"Si","Consigliato":"No","Forma":"A"}]